<?xml version="1.0" encoding="utf-8" ?>
<Types>
  <Type>
    <Name>System.IO.FileInfo</Name>
     <Members>
        <ScriptProperty>
            <Name>FileSize</Name>
            <GetScriptBlock>
               switch($this.length) {
                 { $_ -gt 1tb }
                        { "{0:n2} TB" -f ($_ / 1tb) ; Break }
                 { $_ -gt 1gb }
                        { "{0:n2} GB" -f ($_ / 1gb) ; Break }
                 { $_ -gt 1mb }
                        { "{0:n2} MB " -f ($_ / 1mb) ; Break }
                 { $_ -gt 1kb }
                        { "{0:n2} KB " -f ($_ / 1Kb) ; Break }
                 default
                        { "{0} B " -f $_ }
               }
            </GetScriptBlock>
       </ScriptProperty>
    </Members>
  </Type>
</Types>